first_name,last_name,email,gender
Aland,Hannum,ahannum0@ftc.gov,Male
Dee dee,Borsay,dborsay1@virginia.edu,Female
Pavel,Feeham,pfeeham2@typepad.com,Male
Even,Seson,eseson3@newyorker.com,Male
Bo,Rennicks,brennicks4@scientificamerican.com,Male
Daveen,Bernhard,dbernhard5@home.pl,Agender
Salmon,Chichgar,schichgar6@amazon.co.jp,Male
Anna,McKimmie,amckimmie7@washingtonpost.com,Female
Rhodia,Hassell,rhassell8@nytimes.com,Polygender
Hill,Thalmann,hthalmann9@csmonitor.com,Male
Butch,McLennan,bmclennana@dagondesign.com,Male
Abbi,Rabl,arablb@shop-pro.jp,Genderfluid
Todd,Girton,tgirtonc@cdc.gov,Male
Krisha,Dumphreys,kdumphreysd@china.com.cn,Bigender
Cary,Goodin,cgoodine@jigsy.com,Non-binary
Gusta,Rosenblad,grosenbladf@disqus.com,Female
Rena,Tithacott,rtithacottg@jiathis.com,Female
Eddie,Cops,ecopsh@meetup.com,Male
Alicea,Gealy,agealyi@netlog.com,Agender
Peta,Gerrey,pgerreyj@hp.com,Female
Korie,Ewbanke,kewbankek@altervista.org,Female
Lind,Rendell,lrendelll@nature.com,Female
Jone,Seniour,jseniourm@wikia.com,Male
Vanya,Bohman,vbohmann@flickr.com,Female
Winny,Cremen,wcremeno@state.tx.us,Female
Bondon,Meeus,bmeeusp@jalbum.net,Male
Brooke,Borres,bborresq@dyndns.org,Male
Dominica,Dybald,ddybaldr@google.it,Genderqueer
Arlie,Cavozzi,acavozzis@cafepress.com,Female
Sibyl,Pickring,spickringt@ucsd.edu,Female
Eadie,Tozer,etozeru@yolasite.com,Agender
Bliss,Hookes,bhookesv@over-blog.com,Female
Marin,Ondrusek,mondrusekw@aboutads.info,Female
Mayne,Methven,mmethvenx@pbs.org,Male
Brynne,Pollastrone,bpollastroney@macromedia.com,Non-binary
Lilias,Plaid,lplaidz@php.net,Female
Maressa,Lehr,mlehr10@qq.com,Female
Augusta,Elloy,aelloy11@businesswire.com,Female
Valencia,Donnachie,vdonnachie12@china.com.cn,Female
Norean,Scad,nscad13@bloomberg.com,Female
Jasper,Wychard,jwychard14@state.gov,Male
Heinrick,Garshore,hgarshore15@bravesites.com,Male
Costanza,Wassung,cwassung16@360.cn,Polygender
Rosa,Pook,rpook17@goodreads.com,Female
Fianna,Plan,fplan18@multiply.com,Female
Aurelie,Dyka,adyka19@tinypic.com,Bigender
Earlie,Ritchard,eritchard1a@google.de,Male
Rockie,Scotchmer,rscotchmer1b@google.ca,Male
Carlota,Cockburn,ccockburn1c@uol.com.br,Female
Armstrong,D' Angelo,adangelo1d@last.fm,Male
Theda,Cordey,tcordey1e@nba.com,Female
Joye,Pettitt,jpettitt1f@geocities.jp,Female
Emmye,Desaur,edesaur1g@liveinternet.ru,Female
Emogene,Gerrish,egerrish1h@prlog.org,Female
Ritchie,Coulton,rcoulton1i@fotki.com,Male
Gabbi,Giron,ggiron1j@lycos.com,Female
Archer,Bilton,abilton1k@wikipedia.org,Male
Sybil,Ameer-Beg,sameerbeg1l@youku.com,Female
Nefen,Durnill,ndurnill1m@statcounter.com,Male
Gretchen,Barszczewski,gbarszczewski1n@sakura.ne.jp,Female
Vinson,Gosforth,vgosforth1o@amazon.de,Male
Nance,Hardwell,nhardwell1p@wikia.com,Female
Johnny,Robottham,jrobottham1q@amazon.com,Male
Tito,Cultcheth,tcultcheth1r@weibo.com,Male
Angil,Donaway,adonaway1s@dion.ne.jp,Female
Hartwell,Flooks,hflooks1t@seesaa.net,Male
Aubine,Grigor,agrigor1u@theguardian.com,Female
Shurlock,Hise,shise1v@amazonaws.com,Male
Thaddus,Tackett,ttackett1w@mapy.cz,Male
Maurita,Meanwell,mmeanwell1x@google.com.hk,Female
Yehudi,Jerger,yjerger1y@buzzfeed.com,Male
Perl,Guppey,pguppey1z@163.com,Female
Delmore,Britzius,dbritzius20@blog.com,Male
Jessy,Sargint,jsargint21@phpbb.com,Female
Annamarie,Yellop,ayellop22@pagesperso-orange.fr,Female
Kiah,Gibling,kgibling23@t.co,Female
Modestia,Cordle,mcordle24@whitehouse.gov,Female
Milissent,Sprason,msprason25@angelfire.com,Female
Angelika,Russe,arusse26@ovh.net,Female
Dicky,Tordiffe,dtordiffe27@yelp.com,Male
Hakim,Raitt,hraitt28@amazonaws.com,Male
Javier,Aspall,jaspall29@squarespace.com,Male
Hortensia,Gounin,hgounin2a@cbslocal.com,Female
Artie,McCreery,amccreery2b@theatlantic.com,Male
Joshia,Hollindale,jhollindale2c@usa.gov,Male
Milly,Eickhoff,meickhoff2d@earthlink.net,Female
Yvon,Macoun,ymacoun2e@jugem.jp,Male
Alikee,Landman,alandman2f@mapy.cz,Female
Gardener,Garrat,ggarrat2g@marketwatch.com,Male
Wilden,Lill,wlill2h@nsw.gov.au,Male
Rutherford,Kunkel,rkunkel2i@apache.org,Agender
Sampson,Kirkland,skirkland2j@fda.gov,Male
Nettle,Wittleton,nwittleton2k@tripod.com,Female
Aurea,Fearn,afearn2l@prnewswire.com,Female
Adriaens,Pappi,apappi2m@google.nl,Female
Tomasine,Winsome,twinsome2n@microsoft.com,Female
Brandise,Deverson,bdeverson2o@biblegateway.com,Female
Cirillo,Itzkovsky,citzkovsky2p@scientificamerican.com,Male
Gerry,Willcox,gwillcox2q@alibaba.com,Female
Harper,Patters,hpatters2r@hexun.com,Male
